{
    "0": [
        1.381249964,
        3.787499927,
        4.943750054,
        4.662499994,
        4.849999996,
        6.912500069,
        8.068750039,
        9.318750098,
        9.912500247,
        10.66250022,
        13.63125028,
        14.25625011,
        15.75625032,
        15.94375029,
        14.41250026,
        15.41250002,
        16.10000023,
        14.5062501,
        13.97500023,
        16.02307705
    ],
    "1": [
        2.599999946,
        3.724999938,
        5.00624992,
        6.412500039,
        7.881250173,
        9.225000054,
        10.03750023,
        9.568750173,
        11.35000025,
        13.38125025,
        14.2875002,
        13.88125014,
        15.72500008,
        16.28750008,
        15.81875023,
        15.69375026,
        13.85000016,
        12.31875016,
        15.31875034,
        16.09038486
    ],
    "2": [
        2.506249942,
        3.63124998,
        4.412499942,
        6.006250009,
        7.568750039,
        9.193750143,
        9.631250247,
        11.00625023,
        12.6312502,
        14.13125014,
        15.38125029,
        14.38125017,
        15.9125002,
        15.38125032,
        14.60000022,
        15.06875017,
        15.47500022,
        17.06874999,
        15.91250008,
        17.01346178
    ],
    "3": [
        2.849999946,
        3.693749987,
        4.849999979,
        4.850000039,
        4.756249905,
        6.350000054,
        8.443750173,
        10.72500026,
        11.56875017,
        12.75625023,
        13.63125029,
        13.2875002,
        14.31875022,
        16.10000032,
        15.78750002,
        17.2250002,
        15.28750019,
        14.88125023,
        14.63125016,
        16.07115395
    ],
    "4": [
        1.381249964,
        3.787499927,
        4.943750054,
        4.662499994,
        4.849999996,
        6.912500069,
        8.068750039,
        9.318750098,
        9.912500247,
        10.66250022,
        13.63125028,
        14.25625011,
        15.75625032,
        15.94375029,
        14.41250026,
        15.41250002,
        16.10000023,
        14.5062501,
        13.97500023,
        16.55192319
    ],
    "steps": [
        50000,
        100000,
        150000,
        200000,
        250000,
        300000,
        350000,
        400000,
        450000,
        500000,
        550000,
        600000,
        650000,
        700000,
        750000,
        800000,
        850000,
        900000,
        950000,
        1000000
    ]
}