{
    "Alien": [
        836.9000244140625,
        674.0,
        784.7000122070312,
        818.4000244140625,
        768.2000122070312
    ],
    "Amidar": [
        133.08999633789062,
        120.69000244140625,
        156.42999267578125,
        114.72000122070312,
        195.99000549316406
    ],
    "Assault": [
        1211.18994140625,
        779.25,
        788.7000122070312,
        818.8900146484375,
        819.0900268554688
    ],
    "Asterix": [
        1263.0,
        925.0,
        875.5,
        944.0,
        1477.0
    ],
    "BankHeist": [
        554.7999877929688,
        403.8999938964844,
        1210.9000244140625,
        1203.4000244140625,
        340.1000061035156
    ],
    "BattleZone": [
        13680.0,
        11390.0,
        17960.0,
        14830.0,
        9000.0
    ],
    "Boxing": [
        93.7300033569336,
        96.79000091552734,
        82.68000030517578,
        79.48999786376953,
        74.36000061035156
    ],
    "Breakout": [
        73.05999755859375,
        68.68000030517578,
        63.58000183105469,
        72.68000030517578,
        81.06999969482422
    ],
    "ChopperCommand": [
        912.0,
        946.0,
        868.0,
        899.0,
        895.0
    ],
    "CrazyClimber": [
        81024.0,
        99834.0,
        90173.0,
        83750.0,
        90412.0
    ],
    "DemonAttack": [
        115.0,
        214.64999389648438,
        144.0500030517578,
        100.0999984741211,
        187.35000610351562
    ],
    "Freeway": [
        0.0,
        0.009999999776482582,
        0.029999999329447746,
        0.0,
        0.12999999523162842
    ],
    "Frostbite": [
        328.6000061035156,
        2296.300048828125,
        267.20001220703125,
        276.20001220703125,
        294.79998779296875
    ],
    "Gopher": [
        6369.39990234375,
        5240.39990234375,
        2908.39990234375,
        2246.800048828125,
        5314.2001953125
    ],
    "Hero": [
        7767.60009765625,
        7773.0,
        7412.89990234375,
        13469.349609375,
        7586.2998046875
    ],
    "Jamesbond": [
        265.0,
        578.5,
        289.5,
        280.5,
        272.5
    ],
    "Kangaroo": [
        2468.0,
        9974.0,
        1782.0,
        1788.0,
        3366.0
    ],
    "Krull": [
        10474.099609375,
        7811.5,
        8505.2998046875,
        8764.099609375,
        8092.89990234375
    ],
    "KungFuMaster": [
        25321.0,
        21494.0,
        21391.0,
        29418.0,
        19549.0
    ],
    "MsPacman": [
        1484.699951171875,
        1464.0,
        2117.39990234375,
        1534.5,
        1303.0999755859375
    ],
    "Pong": [
        20.170000076293945,
        20.389999389648438,
        20.56999969482422,
        19.969999313354492,
        19.31999969482422
    ],
    "PrivateEye": [
        -387.4800109863281,
        -422.0,
        -672.1400146484375,
        103.08999633789062,
        -984.0
    ],
    "Qbert": [
        1871.25,
        775.0,
        1573.25,
        798.5,
        3303.75
    ],
    "RoadRunner": [
        9608.0,
        11252.0,
        11796.0,
        7917.0,
        22020.0
    ],
    "Seaquest": [
        559.4000244140625,
        480.3999938964844,
        510.0,
        656.7999877929688,
        582.7999877929688
    ],
    "UpNDown": [
        54302.80078125,
        47426.80078125,
        11256.900390625,
        18281.400390625,
        10772.900390625
    ]
}