{
    "Alien": [
        797.3076923,
        592.7884615,
        852.4038462,
        621.5384615,
        836.1538462
    ],
    "Amidar": [
        98.05769231,
        177.3461538,
        256.4134615,
        110.6730769,
        98.69230769
    ],
    "Assault": [
        1899.288462,
        2468.326923,
        2031.144231,
        2187.826923,
        1977.230769
    ],
    "Asterix": [
        1261.538462,
        1466.826923,
        1662.019231,
        2060.576923,
        1500.480769
    ],
    "BankHeist": [
        1156.634615,
        412.4038462,
        347.5,
        406.7307692,
        301.4423077
    ],
    "BattleZone": [
        18903.84615,
        14144.23077,
        9759.615385,
        8461.538462,
        20471.15385
    ],
    "Boxing": [
        91.45192308,
        85.72115385,
        81.03846154,
        94.04807692,
        84.875
    ],
    "Breakout": [
        207.8173077,
        270.2980769,
        348.4326923,
        175.5192308,
        180.7019231
    ],
    "ChopperCommand": [
        3390.384615,
        3704.807692,
        2670.192308,
        3237.5,
        4228.846154
    ],
    "CrazyClimber": [
        83693.26923,
        76397.11538,
        69545.19231,
        86522.11538,
        80214.42308
    ],
    "DemonAttack": [
        4598.317308,
        5626.923077,
        7550.048077,
        2188.653846,
        5445.432692
    ],
    "Freeway": [
        32.28846154,
        33.25,
        32.50961538,
        31.92307692,
        31.94230769
    ],
    "Frostbite": [
        270.3846154,
        541.25,
        266.25,
        1599.423077,
        282.5961538
    ],
    "Gopher": [
        5549.038462,
        4898.076923,
        5683.846154,
        5284.038462,
        5085.192308
    ],
    "Hero": [
        5852.067308,
        7550.528846,
        7564.567308,
        7688.990385,
        7710.673077
    ],
    "Jamesbond": [
        503.8461538,
        738.4615385,
        606.25,
        525.9615385,
        687.5
    ],
    "Kangaroo": [
        3228.846154,
        8959.615385,
        3396.153846,
        9834.615385,
        12428.84615
    ],
    "Krull": [
        9990.288462,
        8546.057692,
        8138.653846,
        9321.634615,
        9328.173077
    ],
    "KungFuMaster": [
        20034.61538,
        14296.15385,
        20867.30769,
        24529.80769,
        17552.88462
    ],
    "MsPacman": [
        1365.673077,
        1085.961538,
        1515.961538,
        1419.038462,
        1765.673077
    ],
    "Pong": [
        20.55769231,
        19.65384615,
        19.98076923,
        20.28846154,
        19.24038462
    ],
    "PrivateEye": [
        100.0,
        100.0,
        100.0,
        100.0,
        100.0
    ],
    "Qbert": [
        4884.375,
        4317.307692,
        643.2692308,
        4118.269231,
        4282.692308
    ],
    "RoadRunner": [
        18848.07692,
        20388.46154,
        19234.61538,
        21475.0,
        23796.15385
    ],
    "Seaquest": [
        988.8461538,
        1634.230769,
        1839.230769,
        762.1153846,
        1805.384615
    ],
    "UpNDown": [
        6316.923077,
        7422.211538,
        4162.788462,
        5845.576923,
        4964.423077
    ]
}