{
    "Alien": [
        1119.5,
        1295.699951171875,
        1122.800048828125
    ],
    "Amidar": [
        183.05999755859375,
        195.2100067138672,
        120.76000213623047
    ],
    "Assault": [
        760.4099731445312,
        599.1900024414062,
        745.4299926757812
    ],
    "Asterix": [
        1209.5,
        1099.5,
        1471.5
    ],
    "BankHeist": [
        407.6000061035156,
        1169.800048828125,
        304.0
    ],
    "BattleZone": [
        10840.0,
        11830.0,
        12020.0
    ],
    "Boxing": [
        86.58000183105469,
        86.7300033569336,
        84.83000183105469
    ],
    "Breakout": [
        24.610000610351562,
        35.86000061035156,
        44.16999816894531
    ],
    "ChopperCommand": [
        657.0,
        846.0,
        378.0
    ],
    "CrazyClimber": [
        86081.0,
        16948.0,
        61033.0
    ],
    "DemonAttack": [
        245.9499969482422,
        290.95001220703125,
        264.20001220703125
    ],
    "Freeway": [
        0.10000000149011612,
        0.0,
        0.0
    ],
    "Frostbite": [
        3224.5,
        282.79998779296875,
        2306.5
    ],
    "Gopher": [
        20788.19921875,
        4360.60009765625,
        3545.199951171875
    ],
    "Hero": [
        13328.349609375,
        12834.0498046875,
        3433.60009765625
    ],
    "Jamesbond": [
        274.5,
        421.5,
        287.5
    ],
    "Kangaroo": [
        10494.0,
        3424.0,
        1794.0
    ],
    "Krull": [
        7712.0,
        7701.7998046875,
        7938.2998046875
    ],
    "KungFuMaster": [
        18905.0,
        25437.0,
        22053.0
    ],
    "MsPacman": [
        1921.300048828125,
        4902.89990234375,
        1165.800048828125
    ],
    "Pong": [
        21.0,
        19.450000762939453,
        19.459999084472656
    ],
    "PrivateEye": [
        -197.0,
        -501.1300048828125,
        102.37999725341797
    ],
    "Qbert": [
        1422.75,
        375.0,
        3792.25
    ],
    "RoadRunner": [
        9570.0,
        19100.0,
        8765.0
    ],
    "Seaquest": [
        537.0,
        418.0,
        667.2000122070312
    ],
    "UpNDown": [
        10737.0,
        8757.099609375,
        10527.2001953125
    ]
}