{
    "Alien": [
        696.0576923,
        747.5,
        635.0961538,
        671.9230769,
        708.1730769
    ],
    "Amidar": [
        97.23076923,
        75.23076923,
        68.41346154,
        145.9134615,
        136.8557692
    ],
    "Assault": [
        1356.509615,
        1700.394231,
        1687.875,
        1044.413462,
        1854.663462
    ],
    "Asterix": [
        1261.538462,
        2202.884615,
        1463.942308,
        894.7115385,
        1563.461538
    ],
    "BankHeist": [
        348.4615385,
        376.5384615,
        291.6346154,
        67.11538462,
        332.0192308
    ],
    "BattleZone": [
        1490.384615,
        9903.846154,
        15000.0,
        10692.30769,
        13625.0
    ],
    "Boxing": [
        90.70192308,
        91.55769231,
        90.77884615,
        89.50961538,
        93.63461538
    ],
    "Breakout": [
        136.6538462,
        253.7692308,
        153.2596154,
        134.9134615,
        88.39423077
    ],
    "ChopperCommand": [
        4297.115385,
        8819.230769,
        1403.846154,
        3617.307692,
        4830.769231
    ],
    "CrazyClimber": [
        85933.65385,
        74040.38462,
        63462.5,
        77128.84615,
        86716.34615
    ],
    "DemonAttack": [
        4033.028846,
        6643.221154,
        6781.826923,
        1130.817308,
        6640.625
    ],
    "Freeway": [
        31.72115385,
        31.13461538,
        32.14423077,
        29.31730769,
        31.93269231
    ],
    "Frostbite": [
        253.9423077,
        259.2307692,
        267.5961538,
        270.2884615,
        269.8076923
    ],
    "Gopher": [
        4509.230769,
        4878.461538,
        3277.115385,
        4627.884615,
        4778.461538
    ],
    "Hero": [
        7582.932692,
        8022.403846,
        7192.067308,
        3173.125,
        7163.942308
    ],
    "Jamesbond": [
        575.4807692,
        683.1730769,
        725.4807692,
        682.2115385,
        720.1923077
    ],
    "Kangaroo": [
        7230.769231,
        11017.30769,
        3059.615385,
        9453.846154,
        8528.846154
    ],
    "Krull": [
        7202.5,
        7177.307692,
        6240.673077,
        7676.826923,
        8631.346154
    ],
    "KungFuMaster": [
        32730.76923,
        24095.19231,
        11032.69231,
        13137.5,
        21319.23077
    ],
    "MsPacman": [
        1387.403846,
        1325.192308,
        872.2115385,
        1952.115385,
        1122.692308
    ],
    "Pong": [
        18.90384615,
        20.17307692,
        18.43269231,
        18.5,
        19.60576923
    ],
    "PrivateEye": [
        100.0,
        100.0,
        -106.7307692,
        100.0,
        100.0
    ],
    "Qbert": [
        3957.211538,
        552.1634615,
        4097.836538,
        640.8653846,
        1922.115385
    ],
    "RoadRunner": [
        30751.92308,
        28248.07692,
        33665.38462,
        9484.615385,
        29475.0
    ],
    "Seaquest": [
        1713.076923,
        1730.769231,
        2387.5,
        579.4230769,
        1811.538462
    ],
    "UpNDown": [
        5265.480769,
        4680.673077,
        2458.846154,
        2034.711538,
        5160.673077
    ]
}